Typing system,Type,Polymorphic pattern,Selected reference strains,Description,Parent type,Display order
S1-type,Asian non-SINDEL,N57/N62=NXT; 135/136=DND；,OQ122094: GDFS/2022; OQ122084: JSYC/2021; OQ349226: ZJ3; OQ718909: CH-HeN30-2023 | OQ122093: HNXY-1/2022; MK288006: FJzz1; KF601197: HNCZ/2013; KF601199: GXHZ/2013 | KF577732: GDGZ/2013; KM406179: MY1402; KU237222: CH/MZ/2014; KU237223: CH/NH/2015 | MT198679: IBT-VN; KT989357: CH-HNLY-15.4; MK690502: HM2017; MF152603: CH/HNLB/2017,饑碌뜩몸벌소2010쾨빈괬랙돨멕鈴깹昑non-SINDEL뗀瓏,,1001
S1-type,European SINDEL,N57/N62=NXS; 135/136=GH；,KY019623: SLOreBAS-1/2015; KY019624: SLOreBAS-2/2015; MZ216021: 25364/1; MZ268115: 25364/2,킹碌직契돨SINDEL뗀瓏,,1002
S1-type,European/American non-SINDEL,N57/N62=NXT; 135/136=NND;,KF468753: IA1; KP861982: 2015/P10 strain BM1; OR045908: HSGP; OR045906: HS; KU893873: PC22A-P160 | KU975389: CH/SCCD/2014; JN825706: BJ-2011-2; JN825707: HB-2011-1; JN825708: HB-2011-2 | OR722805: CHN-HCHL-2021; OQ122102: JXYC/2021; KU975411: CH-SCMY-2-2014; MH061342: CH/SCZJ/2018; OQ349201: SHdt3(2021) | KJ645675: USA/Illinois81/2013; KP403954: Ukraine/Poltava01/2014; MN091359: PEDv/MEX/SON/LI-DMZC23/2015; OR604250: K22GB1 | JX188454: AJ1102; MK392335: LW/L; JN980698: CHGD-01; JQ239429: CH1 | ...,2013쾨빈瞳굇쳄、벴벌、휑굶、櫓벌憩袞된뒈혐직契돨멕鈴깹昑non-SINDEL뗀瓏,,1003
S1-type,Korean G2,N57/N62=No glycosylation; 135/136=NDD;,KJ857456: CJ98; GU180142: KNU-0801; MF737355: KUPE21; KJ857458: JB0536,벴벌2010쾨품직契돨뗀瓏，貫黨뗌접쏵뺏롸連，옵콘角SINDEL돕non-SINDEL뗀瓏돨법똔,,1004
S1-type,Prevalent SINDEL,N57/N62=NXS; 135/136=SG; ,MH061338: CH/SCZY44/2017; MH593138: CH/GZJP/2017; MH061343: CH/SCMY/2018; MH593148: CH/SCCZ/2018 | MH593141: CH/SCQS/2018; OR608353: GS2022; PP580809: AH-HF2022; PV843390: SD04A-03-2022,瞳櫓벌댕쩍직契돨SINDEL뗀瓏,,1005
S1-type,SINDEL,N57/N62=NXS; 135/136=ND;,KU847996: ZL29; KY000559: PXX08-SPF-020801A; JX501318: CH/HBQX/10; LC053455: AVCT12 | JQ239433: CH5; KJ399978: OH851; MN844888: KNU-1909; KJ645635: USA/Indiana12.83/2013 | JN547228: CH/S; JN599150: CV777; KF898124: KPEDV-9; KT323979: CV777 | JQ239435: CH7; KJ857478: KDJN13-1003SW; KP455316: HUA-PED58; KX981899: PXX11-SBF-021102A,관윅쒔듕뗀瓏瞳코돨SINDEL뗀瓏,,1006
Genotype,G1a,N57/N62=NXS; N1192/N1194=No glycosylation;,JN547228: CH/S; JN599150: CV777; KF898124: KPEDV-9; KT323979: CV777 | JQ239435: CH7; KJ857478: KDJN13-1003SW; KP455316: HUA-PED58; KX981899: PXX11-SBF-021102A,쒔듕뗀瓏횐；,,2001
Genotype,G1b,N57/N62=NXS; N1192/N1194=NXT;,KU847996: ZL29; KY000559: PXX08-SPF-020801A; JX501318: CH/HBQX/10; LC053455: AVCT12 | MH061338: CH/SCZY44/2017; MH593138: CH/GZJP/2017; MH061343: CH/SCMY/2018; MH593148: CH/SCCZ/2018 | JQ239433: CH5; KJ399978: OH851; MN844888: KNU-1909; KJ645635: USA/Indiana12.83/2013 | KY019623: SLOreBAS-1/2015; KY019624: SLOreBAS-2/2015; MZ216021: 25364/1; MZ268115: 25364/2 | MH593141: CH/SCQS/2018; OR608353: GS2022; PP580809: AH-HF2022; PV843390: SD04A-03-2022,櫓된鈴깹뗀瓏，豆퍅롸뺏黨쒔듕뗀瓏；,,2002
Genotype,G2a,N57/N62=No glycosylation; N1192/N1194=No glycosylation;,KJ857456: CJ98; GU180142: KNU-0801; MF737355: KUPE21; KJ857458: JB0536,벴벌2010쾨품직契돨뗀瓏，貫黨뗌접쏵뺏롸連，옵콘角G1뗀瓏돕G2뗀瓏돨법똔；,,2003
Genotype,G2b,N57/N62=NXT; N1192/N1194=No glycosylation;,JX188454: AJ1102; MK392335: LW/L; JN980698: CHGD-01; JQ239429: CH1 | OQ122093: HNXY-1/2022; MK288006: FJzz1; KF601197: HNCZ/2013; KF601199: GXHZ/2013 | PP472644: GXGL/2022; GU180145: KNU-0902; JN184634: CNU-091222-01; JN184635: CNU-091222-02 | MT198679: IBT-VN; KT989357: CH-HNLY-15.4; MK690502: HM2017; MF152603: CH/HNLB/2017,멕鈴깹昑뗀瓏，瞳2010빈櫓벌뵨땜켓饑벌소직契；,,2004
Genotype,G2c,N57/N62=NXT; N1192/N1194=NXT;,OQ122094: GDFS/2022; OQ122084: JSYC/2021; OQ349226: ZJ3; OQ718909: CH-HeN30-2023 | KF468753: IA1; KP861982: 2015/P10 strain BM1; OR045908: HSGP; OR045906: HS; KU893873: PC22A-P160 | KU975389: CH/SCCD/2014; JN825706: BJ-2011-2; JN825707: HB-2011-1; JN825708: HB-2011-2 | OR722805: CHN-HCHL-2021; OQ122102: JXYC/2021; KU975411: CH-SCMY-2-2014; MH061342: CH/SCZJ/2018; OQ349201: SHdt3(2021) | KJ645675: USA/Illinois81/2013; KP403954: Ukraine/Poltava01/2014; MN091359: PEDv/MEX/SON/LI-DMZC23/2015; OR604250: K22GB1 | ...,멕鈴깹昑뗀瓏，瞳2010쾨櫓벌괬랙豆퍅뗀瓏櫓欖앴寮돔；,,2005
Geo-type,Asian G2b,135/136=NND; G1157=G;,JX188454: AJ1102; MK392335: LW/L; JN980698: CHGD-01; JQ239429: CH1 | PP472644: GXGL/2022; GU180145: KNU-0902; JN184634: CNU-091222-01; JN184635: CNU-091222-02,,G2b,3001
Geo-type,Asian G2c,135/136=NND; G1157=G;,KU975389: CH/SCCD/2014; JN825706: BJ-2011-2; JN825707: HB-2011-1; JN825708: HB-2011-2 | OR722805: CHN-HCHL-2021; OQ122102: JXYC/2021; KU975411: CH-SCMY-2-2014; MH061342: CH/SCZJ/2018; OQ349201: SHdt3(2021),,G2c,3002
Geo-type,European G1b,135/136=GH; G1157=G;,KY019623: SLOreBAS-1/2015; KY019624: SLOreBAS-2/2015; MZ216021: 25364/1; MZ268115: 25364/2,瞳킹碌직契돨롸뺏뗀瓏；,G1b,3003
Geo-type,European/American G1b,135/136=ND; G1157=G;,KU847996: ZL29; KY000559: PXX08-SPF-020801A; JX501318: CH/HBQX/10; LC053455: AVCT12,2010쾨빈瞳뜩몸뒈혐직契；,G1b,3004
Geo-type,European/American G2c,135/136=NND; G1157=S;,KF468753: IA1; KP861982: 2015/P10 strain BM1; OR045908: HSGP; OR045906: HS; KU893873: PC22A-P160 | KJ645675: USA/Illinois81/2013; KP403954: Ukraine/Poltava01/2014; MN091359: PEDv/MEX/SON/LI-DMZC23/2015; OR604250: K22GB1,2013쾨빈瞳굇쳄、벴벌、휑굶、櫓벌憩袞된뒈혐괬랙櫓欖앴寮돔；,G2c,3005
Geo-type,G1a,135/136=ND; G1157=G;,JN547228: CH/S; JN599150: CV777; KF898124: KPEDV-9; KT323979: CV777 | JQ239435: CH7; KJ857478: KDJN13-1003SW; KP455316: HUA-PED58; KX981899: PXX11-SBF-021102A,,G1a,3006
Geo-type,G1b,135/136=ND; G1157=S;,JQ239433: CH5; KJ399978: OH851; MN844888: KNU-1909; KJ645635: USA/Indiana12.83/2013,,G1b,3007
Geo-type,G2a,135/136=NDD; G1157=G;,KJ857456: CJ98; GU180142: KNU-0801; MF737355: KUPE21; KJ857458: JB0536,,G2a,3008
Geo-type,Prevalent G1b,135/136=SG; G1157=G;,MH061338: CH/SCZY44/2017; MH593138: CH/GZJP/2017; MH061343: CH/SCMY/2018; MH593148: CH/SCCZ/2018 | MH593141: CH/SCQS/2018; OR608353: GS2022; PP580809: AH-HF2022; PV843390: SD04A-03-2022,2018쾨빈瞳櫓벌댕쩍疼늴놔君롸뺏깻직契；,G1b,3009
Geo-type,Prevalent G2b,135/136=DND; G1157=G;,OQ122093: HNXY-1/2022; MK288006: FJzz1; KF601197: HNCZ/2013; KF601199: GXHZ/2013 | MT198679: IBT-VN; KT989357: CH-HNLY-15.4; MK690502: HM2017; MF152603: CH/HNLB/2017,2016쾨빈瞳櫓벌댕쩍직契，옵콘폅都黨路莉宮밑돨팼溝롸뺏；,G2b,3010
Geo-type,Prevalent G2c,135/136=DND; G1157=G;,OQ122094: GDFS/2022; OQ122084: JSYC/2021; OQ349226: ZJ3; OQ718909: CH-HeN30-2023 | KF577732: GDGZ/2013; KM406179: MY1402; KU237222: CH/MZ/2014; KU237223: CH/NH/2015,2014쾨빈瞳櫓벌댕쩍직契，옵콘폅都黨路莉宮밑돨팼溝롸뺏,G2c,3011
Haplotype,G1a: H14,N718/N722=NXT,JN547228: CH/S; JN599150: CV777; KF898124: KPEDV-9; KT323979: CV777,,G1a,4001
Haplotype,G1a: H16,N718/N722=No glycosylation,JQ239435: CH7; KJ857478: KDJN13-1003SW; KP455316: HUA-PED58; KX981899: PXX11-SBF-021102A,N718/N722鎌샘뺏句呵,G1a,4002
Haplotype,G1b: H11,N718/N722=No glycosylation,MH061338: CH/SCZY44/2017; MH593138: CH/GZJP/2017; MH061343: CH/SCMY/2018; MH593148: CH/SCCZ/2018,N718/N722鎌샘뺏句呵,Prevalent G1b,4003
Haplotype,G1b: H13,N718/N722=No glycosylation,JQ239433: CH5; KJ399978: OH851; MN844888: KNU-1909; KJ645635: USA/Indiana12.83/2013,N718/N722鎌샘뺏句呵,G1b,4004
Haplotype,G1b: H15,N718/N722=No glycosylation,KY019623: SLOreBAS-1/2015; KY019624: SLOreBAS-2/2015; MZ216021: 25364/1; MZ268115: 25364/2,N718/N722鎌샘뺏句呵,European G1b,4005
Haplotype,G1b: H18,N718/N722=NXT,MH593141: CH/SCQS/2018; OR608353: GS2022; PP580809: AH-HF2022; PV843390: SD04A-03-2022,,Prevalent G1b,4006
Haplotype,G1b: H8,N718/N722=No glycosylation,KU847996: ZL29; KY000559: PXX08-SPF-020801A; JX501318: CH/HBQX/10; LC053455: AVCT12,N718/N722鎌샘뺏句呵,European/American G1b,4007
Haplotype,G2a: H17,N718/N722=NXT,KJ857456: CJ98; GU180142: KNU-0801; MF737355: KUPE21; KJ857458: JB0536,,G2a,4008
Haplotype,G2b: H12,N718/N722=NXT,MT198679: IBT-VN; KT989357: CH-HNLY-15.4; MK690502: HM2017; MF152603: CH/HNLB/2017,,Prevalent G2b,4009
Haplotype,G2b: H6,N718/N722=No glycosylation,JX188454: AJ1102; MK392335: LW/L; JN980698: CHGD-01; JQ239429: CH1,N718/N722鎌샘뺏句呵,Asian G2b,4010
Haplotype,G2b: H7,N718/N722=No glycosylation,OQ122093: HNXY-1/2022; MK288006: FJzz1; KF601197: HNCZ/2013; KF601199: GXHZ/2013,N718/N722鎌샘뺏句呵,Prevalent G2b,4011
Haplotype,G2b: H9,N718/N722=NXT,PP472644: GXGL/2022; GU180145: KNU-0902; JN184634: CNU-091222-01; JN184635: CNU-091222-02,,Asian G2b,4012
Haplotype,G2c: H1,N718/N722=No glycosylation,OQ122094: GDFS/2022; OQ122084: JSYC/2021; OQ349226: ZJ3; OQ718909: CH-HeN30-2023,N718/N722鎌샘뺏句呵,Prevalent G2c,4013
Haplotype,G2c: H10,N718/N722=NXT,KF577732: GDGZ/2013; KM406179: MY1402; KU237222: CH/MZ/2014; KU237223: CH/NH/2015,,Prevalent G2c,4014
Haplotype,G2c: H2,N718/N722=No glycosylation,KF468753: IA1; KP861982: 2015/P10 strain BM1; OR045908: HSGP; OR045906: HS; KU893873: PC22A-P160,N718/N722鎌샘뺏句呵,European/American G2c,4015
Haplotype,G2c: H3,N718/N722=No glycosylation,KU975389: CH/SCCD/2014; JN825706: BJ-2011-2; JN825707: HB-2011-1; JN825708: HB-2011-2,N718/N722鎌샘뺏句呵,Asian G2c,4016
Haplotype,G2c: H4,N718/N722=NXT,OR722805: CHN-HCHL-2021; OQ122102: JXYC/2021; KU975411: CH-SCMY-2-2014; MH061342: CH/SCZJ/2018; OQ349201: SHdt3(2021),,Asian G2c,4017
Haplotype,G2c: H5,N718/N722=NXT,KJ645675: USA/Illinois81/2013; KP403954: Ukraine/Poltava01/2014; MN091359: PEDv/MEX/SON/LI-DMZC23/2015; OR604250: K22GB1,,European/American G2c,4018
